id,timestamp,temperature,duration
37390,2019-06-05 23:08:31.407799,1540.2466863137947,0 days 00:27:41.382812755
37391,2019-06-05 23:08:32.407799,1569.253896998385,0 days 00:25:17.135974823
37392,2019-06-05 23:08:33.407799,1529.0767608782817,0 days 00:34:14.439860088
37393,2019-06-05 23:08:34.407799,1568.6095043087314,0 days 00:31:53.481645923
37394,2019-06-05 23:08:35.407799,1573.7866596796416,0 days 00:33:13.891946711
37395,2019-06-05 23:08:36.407799,1565.6464362850922,0 days 00:31:19.217825034
37396,2019-06-05 23:08:37.407799,1568.8841917300315,0 days 00:34:24.178548067
37397,2019-06-05 23:08:38.407799,1551.3254372495473,0 days 00:33:42.012587328
37398,2019-06-05 23:08:39.407799,1551.1788584343853,0 days 00:31:04.492925681
37399,2019-06-05 23:08:40.407799,1536.2340717168415,0 days 00:34:43.311052077
37400,2019-06-05 23:08:41.407799,1551.2567969708118,0 days 00:31:01.727978901
37401,2019-06-05 23:08:42.407799,1571.9887507050112,0 days 00:25:41.738557164
37402,2019-06-05 23:08:43.407799,1526.9777839101323,0 days 00:27:05.992559178
37403,2019-06-05 23:08:44.407799,1568.6404490051962,0 days 00:28:35.323348899
37404,2019-06-05 23:08:45.407799,1563.6205482129849,0 days 00:30:34.136307498
37405,2019-06-05 23:08:46.407799,1552.6324699430747,0 days 00:26:42.045578665
37406,2019-06-05 23:08:47.407799,1535.1960260449016,0 days 00:31:18.417440633
37407,2019-06-05 23:08:48.407799,1526.8239952160407,0 days 00:34:11.483467015
37408,2019-06-05 23:08:49.407799,1545.5279476034345,0 days 00:34:05.603734268
37409,2019-06-05 23:08:50.407799,1554.156934606816,0 days 00:32:16.653362551
37410,2019-06-05 23:08:51.407799,1540.8435314044086,0 days 00:33:52.263558850
37411,2019-06-05 23:08:52.407799,1552.9373534570682,0 days 00:33:01.224019018
37412,2019-06-05 23:08:53.407799,1541.8803085936947,0 days 00:28:46.224524889
37413,2019-06-05 23:08:54.407799,1548.2839561426267,0 days 00:28:02.101382409
37414,2019-06-05 23:08:55.407799,1532.6187162680883,0 days 00:29:05.223005491
37415,2019-06-05 23:08:56.407799,1535.2388093636498,0 days 00:32:33.582523969
37416,2019-06-05 23:08:57.407799,1566.6316694576703,0 days 00:26:02.680033206
37417,2019-06-05 23:08:58.407799,1562.75199762603,0 days 00:32:33.828178650
37418,2019-06-05 23:08:59.407799,1569.0406552329134,0 days 00:29:37.333390124
37419,2019-06-05 23:09:00.407799,1539.8203344636877,0 days 00:32:11.319825020
37420,2019-06-05 23:09:01.407799,1565.088269126073,0 days 00:31:02.506944972
37421,2019-06-05 23:09:02.407799,1566.8915923821176,0 days 00:29:39.584208335
37422,2019-06-05 23:09:03.407799,1569.2085459300906,0 days 00:32:51.076175873
37423,2019-06-05 23:09:04.407799,1542.351212844137,0 days 00:28:27.465827531
37424,2019-06-05 23:09:05.407799,1573.2466129696638,0 days 00:27:47.245062270
37425,2019-06-05 23:09:06.407799,1546.1465726193994,0 days 00:33:30.264760119
37426,2019-06-05 23:09:07.407799,1564.7068932449336,0 days 00:27:28.088540896
37427,2019-06-05 23:09:08.407799,1572.7598457783529,0 days 00:28:15.645645126
37428,2019-06-05 23:09:09.407799,1562.3911895675426,0 days 00:31:05.102040155
37429,2019-06-05 23:09:10.407799,1567.7152943958429,0 days 00:31:39.577009359
37430,2019-06-05 23:09:11.407799,1535.7771234528677,0 days 00:31:13.024924313
37431,2019-06-05 23:09:12.407799,1566.4224500298724,0 days 00:33:37.461774299
37432,2019-06-05 23:09:13.407799,1547.9101687142627,0 days 00:31:06.294035753
37433,2019-06-05 23:09:14.407799,1533.5432036297364,0 days 00:32:39.335246258
37434,2019-06-05 23:09:15.407799,1572.0495397007996,0 days 00:30:30.013575796
37435,2019-06-05 23:09:16.407799,1560.954387515132,0 days 00:25:07.120265562
37436,2019-06-05 23:09:17.407799,1563.3279857933073,0 days 00:32:57.545602535
37437,2019-06-05 23:09:18.407799,1537.7967672634109,0 days 00:32:09.930026945
37438,2019-06-05 23:09:19.407799,1529.8978238234326,0 days 00:27:01.426869447
37439,2019-06-05 23:09:20.407799,1556.8368987102308,0 days 00:32:59.580898898
37440,2019-06-05 23:09:21.407799,1556.8941182331027,0 days 00:32:07.291480357
37441,2019-06-05 23:09:22.407799,1566.004745133202,0 days 00:26:50.419342207
37442,2019-06-05 23:09:23.407799,1571.4402454653919,0 days 00:34:57.137553688
37443,2019-06-05 23:09:24.407799,1529.1119237839523,0 days 00:26:29.199601237
37444,2019-06-05 23:09:25.407799,1562.01290493256,0 days 00:27:32.396835247
37445,2019-06-05 23:09:26.407799,1573.5902237386058,0 days 00:29:31.784843822
37446,2019-06-05 23:09:27.407799,1574.41833936257,0 days 00:30:08.828328417
37447,2019-06-05 23:09:28.407799,1568.920039609606,0 days 00:28:05.414430756
37448,2019-06-05 23:09:29.407799,1568.9356766250896,0 days 00:32:46.819881234
37449,2019-06-05 23:09:30.407799,1574.8378030070392,0 days 00:34:24.857025975
37450,2019-06-05 23:09:31.407799,1526.4769084430313,0 days 00:30:28.174694816
37451,2019-06-05 23:09:32.407799,1536.700362355247,0 days 00:30:16.889278119
37452,2019-06-05 23:09:33.407799,1531.3506983313848,0 days 00:30:12.244356064
37453,2019-06-05 23:09:34.407799,1549.2847919306873,0 days 00:34:47.354582062
37454,2019-06-05 23:09:35.407799,1550.8770193622745,0 days 00:29:55.487756899
37455,2019-06-05 23:09:36.407799,1528.3062404901377,0 days 00:32:32.560675713
37456,2019-06-05 23:09:37.407799,1555.9055600103218,0 days 00:31:52.356921014
37457,2019-06-05 23:09:38.407799,1541.2529977336726,0 days 00:29:29.759865959
37458,2019-06-05 23:09:39.407799,1554.1348161013116,0 days 00:32:15.324629469
37459,2019-06-05 23:09:40.407799,1552.1750865773286,0 days 00:30:12.254517422
37460,2019-06-05 23:09:41.407799,1530.4918471216333,0 days 00:25:02.014060131
37461,2019-06-05 23:09:42.407799,1549.5462036435451,0 days 00:29:26.903662629
37462,2019-06-05 23:09:43.407799,1545.7896085229147,0 days 00:32:53.865903767
37463,2019-06-05 23:09:44.407799,1526.4069823788764,0 days 00:34:55.720844407
37464,2019-06-05 23:09:45.407799,1544.5956836221264,0 days 00:30:16.284299819
37465,2019-06-05 23:09:46.407799,1541.5845383321835,0 days 00:26:50.273451019
37466,2019-06-05 23:09:47.407799,1569.856428092655,0 days 00:25:20.863522287
37467,2019-06-05 23:09:48.407799,1526.4603455158149,0 days 00:26:05.403329186
37468,2019-06-05 23:09:49.407799,1558.509915934117,0 days 00:27:24.675232204
37469,2019-06-05 23:09:50.407799,1551.8615342793537,0 days 00:26:10.413552761
37470,2019-06-05 23:09:51.407799,1564.6257475934406,0 days 00:28:41.273748545
37471,2019-06-05 23:09:52.407799,1556.457802263878,0 days 00:28:42.217102397
37472,2019-06-05 23:09:53.407799,1548.5624898728465,0 days 00:25:31.563744759
37473,2019-06-05 23:09:54.407799,1541.8347605929603,0 days 00:33:43.154612112
37474,2019-06-05 23:09:55.407799,1555.156163768589,0 days 00:27:31.851721562
37475,2019-06-05 23:09:56.407799,1573.722112462714,0 days 00:26:44.513414195
37476,2019-06-05 23:09:57.407799,1540.5714139649926,0 days 00:30:34.066393876
37477,2019-06-05 23:09:58.407799,1532.5459747342022,0 days 00:27:17.744286731
37478,2019-06-05 23:09:59.407799,1554.2668822053492,0 days 00:32:27.977419753
37479,2019-06-05 23:10:00.407799,1572.2731936193231,0 days 00:33:33.032898131
37480,2019-06-05 23:10:01.407799,1566.3105787724594,0 days 00:32:27.307041848
37481,2019-06-05 23:10:02.407799,1561.346402123705,0 days 00:34:54.338769671
37482,2019-06-05 23:10:03.407799,1532.3882997847677,0 days 00:28:36.174049128
37483,2019-06-05 23:10:04.407799,1552.0506315380003,0 days 00:32:45.780117131
37484,2019-06-05 23:10:05.407799,1528.813248663936,0 days 00:26:50.596656104
37485,2019-06-05 23:10:06.407799,1538.886917045596,0 days 00:34:05.616567313
37486,2019-06-05 23:10:07.407799,1529.8748957127523,0 days 00:27:13.572287099
37487,2019-06-05 23:10:08.407799,1554.40171344113,0 days 00:30:10.279079572
37488,2019-06-05 23:10:09.407799,1534.4578782785036,0 days 00:33:14.282177278
37489,2019-06-05 23:10:10.407799,1544.4400725557093,0 days 00:29:50.021527314
37490,2019-06-05 23:10:11.407799,1549.9567523445082,0 days 00:33:44.537501321
37491,2019-06-05 23:10:12.407799,1559.3830761096074,0 days 00:26:06.864122481
37492,2019-06-05 23:10:13.407799,1573.941076028528,0 days 00:33:55.073994766
37493,2019-06-05 23:10:14.407799,1568.700027820859,0 days 00:33:32.661858992
37494,2019-06-05 23:10:15.407799,1567.8582829769982,0 days 00:32:33.834503499
37495,2019-06-05 23:10:16.407799,1548.9105830762946,0 days 00:27:47.228130030
37496,2019-06-05 23:10:17.407799,1529.01745022866,0 days 00:27:17.799281448
37497,2019-06-05 23:10:18.407799,1541.555641052537,0 days 00:32:06.202515507
37498,2019-06-05 23:10:19.407799,1535.333489191316,0 days 00:34:05.742503387
37499,2019-06-05 23:10:20.407799,1546.0377517168145,0 days 00:25:46.137193604
37500,2019-06-05 23:10:21.407799,1525.113780645842,0 days 00:33:25.038072781
37501,2019-06-05 23:10:22.407799,1544.1069249639656,0 days 00:28:35.889991364
37502,2019-06-05 23:10:23.407799,1566.593951539099,0 days 00:32:49.614225306
37503,2019-06-05 23:10:24.407799,1571.5037651020239,0 days 00:31:01.346733650
37504,2019-06-05 23:10:25.407799,1559.0455064280934,0 days 00:30:11.659956281
37505,2019-06-05 23:10:26.407799,1530.5701403019827,0 days 00:34:49.304053411
37506,2019-06-05 23:10:27.407799,1544.9187427259783,0 days 00:25:05.481680304
37507,2019-06-05 23:10:28.407799,1572.560664003961,0 days 00:25:17.744151347
37508,2019-06-05 23:10:29.407799,1529.8355747477303,0 days 00:31:21.944957191
37509,2019-06-05 23:10:30.407799,1530.7718912945413,0 days 00:25:01.726104693
37510,2019-06-05 23:10:31.407799,1541.8263545506627,0 days 00:30:33.399886027
37511,2019-06-05 23:10:32.407799,1569.4714439271706,0 days 00:27:05.522090871
37512,2019-06-05 23:10:33.407799,1527.168423668474,0 days 00:31:04.186616970
37513,2019-06-05 23:10:34.407799,1540.1334570315555,0 days 00:25:18.196157007
37514,2019-06-05 23:10:35.407799,1525.0876047303093,0 days 00:32:21.751398332
37515,2019-06-05 23:10:36.407799,1528.6568118411774,0 days 00:30:41.724071609
37516,2019-06-05 23:10:37.407799,1558.39577327215,0 days 00:29:53.436979899
37517,2019-06-05 23:10:38.407799,1551.336145883184,0 days 00:26:53.754591477
37518,2019-06-05 23:10:39.407799,1533.432581951036,0 days 00:31:21.335014534
37519,2019-06-05 23:10:40.407799,1571.7645560234168,0 days 00:31:43.081381371
37520,2019-06-05 23:10:41.407799,1554.810721541791,0 days 00:29:04.829320496
37521,2019-06-05 23:10:42.407799,1543.1473899851292,0 days 00:28:12.538029940
37522,2019-06-05 23:10:43.407799,1542.6131846150117,0 days 00:34:28.106218530
37523,2019-06-05 23:10:44.407799,1534.8152777823761,0 days 00:32:18.452378449
37524,2019-06-05 23:10:45.407799,1545.4479120351525,0 days 00:34:50.695622713
37525,2019-06-05 23:10:46.407799,1559.4369441448266,0 days 00:31:31.258749357
37526,2019-06-05 23:10:47.407799,1560.852179009366,0 days 00:26:08.219569959
37527,2019-06-05 23:10:48.407799,1537.1280473275651,0 days 00:27:35.924574066
37528,2019-06-05 23:10:49.407799,1556.2772965586757,0 days 00:34:10.153316250
37529,2019-06-05 23:10:50.407799,1527.2204830338758,0 days 00:34:33.011537111
37530,2019-06-05 23:10:51.407799,1526.6926859651012,0 days 00:31:24.007351896
37531,2019-06-05 23:10:52.407799,1563.1467382632593,0 days 00:31:50.421787599
37532,2019-06-05 23:10:53.407799,1532.880849586687,0 days 00:26:21.243444642
37533,2019-06-05 23:10:54.407799,1562.7994095724434,0 days 00:30:23.110447880
37534,2019-06-05 23:10:55.407799,1550.6122199392116,0 days 00:31:14.246704742
37535,2019-06-05 23:10:56.407799,1549.2941102704508,0 days 00:33:20.294564080
37536,2019-06-05 23:10:57.407799,1571.9228501467362,0 days 00:30:46.976599129
37537,2019-06-05 23:10:58.407799,1566.9992601566137,0 days 00:32:46.789926905
37538,2019-06-05 23:10:59.407799,1560.7757147630175,0 days 00:32:35.044499902
37539,2019-06-05 23:11:00.407799,1553.6470800993595,0 days 00:27:35.496028464
37540,2019-06-05 23:11:01.407799,1547.800193079357,0 days 00:33:34.277200830
37541,2019-06-05 23:11:02.407799,1551.341949660081,0 days 00:29:44.240093137
37542,2019-06-05 23:11:03.407799,1544.4883678003778,0 days 00:26:23.237672847
37543,2019-06-05 23:11:04.407799,1530.8790156968453,0 days 00:28:12.232297864
37544,2019-06-05 23:11:05.407799,1541.6213968404313,0 days 00:33:31.628119303
37545,2019-06-05 23:11:06.407799,1529.4386042993822,0 days 00:26:06.127197211
37546,2019-06-05 23:11:07.407799,1559.890377782324,0 days 00:30:03.182305523
37547,2019-06-05 23:11:08.407799,1557.675346984312,0 days 00:25:59.989217291
37548,2019-06-05 23:11:09.407799,1559.176326016232,0 days 00:34:18.671392122
37549,2019-06-05 23:11:10.407799,1562.3369819984005,0 days 00:28:43.995476094
37550,2019-06-05 23:11:11.407799,1543.819240815066,0 days 00:34:27.111023352
37551,2019-06-05 23:11:12.407799,1525.9737402171627,0 days 00:32:29.178835527
37552,2019-06-05 23:11:13.407799,1526.0377626754137,0 days 00:25:09.444553016
37553,2019-06-05 23:11:14.407799,1569.8568070078104,0 days 00:30:25.326138528
37554,2019-06-05 23:11:15.407799,1526.95305848584,0 days 00:28:05.431848014
37555,2019-06-05 23:11:16.407799,1545.8339126669275,0 days 00:32:25.918284973
37556,2019-06-05 23:11:17.407799,1564.5670227090225,0 days 00:28:57.955045910
37557,2019-06-05 23:11:18.407799,1527.0903814001927,0 days 00:27:02.876930099
37558,2019-06-05 23:11:19.407799,1540.055522538403,0 days 00:33:25.506529410
37559,2019-06-05 23:11:20.407799,1530.543659345774,0 days 00:25:39.257401468
37560,2019-06-05 23:11:21.407799,1568.1077844550307,0 days 00:31:20.011773747
37561,2019-06-05 23:11:22.407799,1568.317212065643,0 days 00:32:19.361038643
37562,2019-06-05 23:11:23.407799,1529.664614560736,0 days 00:26:33.248366339
37563,2019-06-05 23:11:24.407799,1546.8764338659098,0 days 00:32:21.722428572
37564,2019-06-05 23:11:25.407799,1538.22080248753,0 days 00:29:20.563769754
37565,2019-06-05 23:11:26.407799,1555.1591167758388,0 days 00:27:49.143140219
37566,2019-06-05 23:11:27.407799,1550.5812089466556,0 days 00:30:00.446269443
37567,2019-06-05 23:11:28.407799,1533.141770344598,0 days 00:27:18.790807382
37568,2019-06-05 23:11:29.407799,1550.298136142798,0 days 00:34:13.027860567
37569,2019-06-05 23:11:30.407799,1555.8198841575709,0 days 00:30:43.563765086
37570,2019-06-05 23:11:31.407799,1544.8470684955287,0 days 00:25:22.308297504
37571,2019-06-05 23:11:32.407799,1563.763475417094,0 days 00:33:37.483814920
37572,2019-06-05 23:11:33.407799,1548.3594667632797,0 days 00:34:52.026840719
37573,2019-06-05 23:11:34.407799,1555.2203682823088,0 days 00:25:34.262875318
37574,2019-06-05 23:11:35.407799,1535.38786105938,0 days 00:29:42.419493072
37575,2019-06-05 23:11:36.407799,1547.0021584566084,0 days 00:27:10.407197976
37576,2019-06-05 23:11:37.407799,1568.758893975016,0 days 00:32:50.868829633
37577,2019-06-05 23:11:38.407799,1536.9716779054365,0 days 00:31:40.033625297
37578,2019-06-05 23:11:39.407799,1531.538290788116,0 days 00:27:36.205062413
37579,2019-06-05 23:11:40.407799,1550.0461394561396,0 days 00:25:42.930043777
37580,2019-06-05 23:11:41.407799,1573.5319493557877,0 days 00:26:05.555319969
37581,2019-06-05 23:11:42.407799,1539.6938091320312,0 days 00:33:47.901747659
37582,2019-06-05 23:11:43.407799,1555.2509347358887,0 days 00:25:03.443746819
37583,2019-06-05 23:11:44.407799,1567.900762832819,0 days 00:29:15.458219846
37584,2019-06-05 23:11:45.407799,1568.2650053231878,0 days 00:25:47.135545879
37585,2019-06-05 23:11:46.407799,1566.1259530086961,0 days 00:27:14.556993632
37586,2019-06-05 23:11:47.407799,1571.5048375325491,0 days 00:26:22.442291463
37587,2019-06-05 23:11:48.407799,1556.4497168311084,0 days 00:27:31.294643692
37588,2019-06-05 23:11:49.407799,1573.9796041776053,0 days 00:26:18.263584726
37589,2019-06-05 23:11:50.407799,1530.2337310255946,0 days 00:28:51.257165106
37590,2019-06-05 23:11:51.407799,1540.168934163957,0 days 00:27:11.701597809
37591,2019-06-05 23:11:52.407799,1532.0164260854954,0 days 00:28:10.830479951
37592,2019-06-05 23:11:53.407799,1552.5381605835548,0 days 00:27:34.069489117
37593,2019-06-05 23:11:54.407799,1526.7198414019977,0 days 00:34:39.297757082
37594,2019-06-05 23:11:55.407799,1556.453723258917,0 days 00:33:14.394221937
37595,2019-06-05 23:11:56.407799,1527.7085464199042,0 days 00:32:51.493662006
37596,2019-06-05 23:11:57.407799,1551.0799220491936,0 days 00:32:54.717923998
37597,2019-06-05 23:11:58.407799,1554.2582226376305,0 days 00:33:11.182548741
37598,2019-06-05 23:11:59.407799,1574.6408954329654,0 days 00:27:25.441310126
37599,2019-06-05 23:12:00.407799,1535.634761711107,0 days 00:26:47.979437743
37600,2019-06-05 23:12:01.407799,1527.393153652653,0 days 00:29:01.243145429
37601,2019-06-05 23:12:02.407799,1564.3847943485148,0 days 00:26:41.629882053
37602,2019-06-05 23:12:03.407799,1532.3514427401587,0 days 00:25:31.027791519
37603,2019-06-05 23:12:04.407799,1541.6604110469414,0 days 00:27:11.904408814
37604,2019-06-05 23:12:05.407799,1541.394467947362,0 days 00:31:32.959903261
37605,2019-06-05 23:12:06.407799,1547.9494956919855,0 days 00:34:49.846179522
37606,2019-06-05 23:12:07.407799,1536.8194939257794,0 days 00:31:34.603170539
37607,2019-06-05 23:12:08.407799,1551.760434543624,0 days 00:28:06.736186688
37608,2019-06-05 23:12:09.407799,1549.5429118987597,0 days 00:32:59.093322157
37609,2019-06-05 23:12:10.407799,1551.4939113668545,0 days 00:32:56.928196591
37610,2019-06-05 23:12:11.407799,1569.7633891858525,0 days 00:31:50.881971336
37611,2019-06-05 23:12:12.407799,1554.6659781170415,0 days 00:32:58.287538024
37612,2019-06-05 23:12:13.407799,1566.9343288352698,0 days 00:33:20.470532021
37613,2019-06-05 23:12:14.407799,1529.9577904684238,0 days 00:31:19.438427562
37614,2019-06-05 23:12:15.407799,1538.6130527359123,0 days 00:33:08.186171172
37615,2019-06-05 23:12:16.407799,1569.5924687307772,0 days 00:27:42.441952793
37616,2019-06-05 23:12:17.407799,1543.5219694497919,0 days 00:27:21.286638442
37617,2019-06-05 23:12:18.407799,1553.1248571644599,0 days 00:33:28.984227817
37618,2019-06-05 23:12:19.407799,1566.004102839854,0 days 00:26:24.037810515
37619,2019-06-05 23:12:20.407799,1527.9901971025286,0 days 00:26:34.377736929
37620,2019-06-05 23:12:21.407799,1532.1989260909668,0 days 00:27:49.816100505
37621,2019-06-05 23:12:22.407799,1530.3941347372124,0 days 00:34:23.117001367
37622,2019-06-05 23:12:23.407799,1563.9604084046982,0 days 00:29:21.368679043
37623,2019-06-05 23:12:24.407799,1558.304379677239,0 days 00:32:23.692122253
37624,2019-06-05 23:12:25.407799,1568.570257252152,0 days 00:30:46.546487928
37625,2019-06-05 23:12:26.407799,1528.0828198438555,0 days 00:32:30.865313316
37626,2019-06-05 23:12:27.407799,1569.1831847727196,0 days 00:28:53.906979698
37627,2019-06-05 23:12:28.407799,1525.8771801952537,0 days 00:33:52.201308814
37628,2019-06-05 23:12:29.407799,1539.9335343657592,0 days 00:25:25.447395192
37629,2019-06-05 23:12:30.407799,1560.8907486803887,0 days 00:31:26.670114751
37630,2019-06-05 23:12:31.407799,1537.6833173140237,0 days 00:33:39.154451546
37631,2019-06-05 23:12:32.407799,1562.2932667949574,0 days 00:26:47.450522936
37632,2019-06-05 23:12:33.407799,1567.2143506011228,0 days 00:33:28.055354876
37633,2019-06-05 23:12:34.407799,1532.8838424310552,0 days 00:33:32.460767045
37634,2019-06-05 23:12:35.407799,1557.7815501144917,0 days 00:31:00.284008570
37635,2019-06-05 23:12:36.407799,1566.885171803088,0 days 00:33:32.797735723
37636,2019-06-05 23:12:37.407799,1528.5699120012068,0 days 00:27:20.448585794
37637,2019-06-05 23:12:38.407799,1570.436000232301,0 days 00:29:39.647960122
37638,2019-06-05 23:12:39.407799,1530.176644769208,0 days 00:34:27.869022342
37639,2019-06-05 23:12:40.407799,1562.2030689239557,0 days 00:34:13.544176881
37640,2019-06-05 23:12:41.407799,1535.8247581882988,0 days 00:29:36.016278722
37641,2019-06-05 23:12:42.407799,1571.3442341186746,0 days 00:29:37.743883032
37642,2019-06-05 23:12:43.407799,1551.652619969656,0 days 00:32:18.359444421
37643,2019-06-05 23:12:44.407799,1528.564523742236,0 days 00:34:00.294431431
37644,2019-06-05 23:12:45.407799,1557.2242082492578,0 days 00:26:30.290124547
37645,2019-06-05 23:12:46.407799,1556.038578739268,0 days 00:29:54.811896111
37646,2019-06-05 23:12:47.407799,1548.3330065618377,0 days 00:31:21.451510918
37647,2019-06-05 23:12:48.407799,1551.3700404428016,0 days 00:26:10.773320519
37648,2019-06-05 23:12:49.407799,1552.6069378811655,0 days 00:26:14.546999069
37649,2019-06-05 23:12:50.407799,1533.7130383888364,0 days 00:25:01.738701711
37650,2019-06-05 23:12:51.407799,1561.0249574341733,0 days 00:31:21.883642846
37651,2019-06-05 23:12:52.407799,1568.3738800035069,0 days 00:32:02.793616169
37652,2019-06-05 23:12:53.407799,1533.9540497131836,0 days 00:25:16.781477653
37653,2019-06-05 23:12:54.407799,1545.3771840378079,0 days 00:31:57.752084981
37654,2019-06-05 23:12:55.407799,1555.6230813269638,0 days 00:34:00.101285356
37655,2019-06-05 23:12:56.407799,1530.3386389025393,0 days 00:28:20.101128972
37656,2019-06-05 23:12:57.407799,1526.0558410525146,0 days 00:32:20.015095049
37657,2019-06-05 23:12:58.407799,1565.6777074390434,0 days 00:27:26.259896640
37658,2019-06-05 23:12:59.407799,1536.016375936722,0 days 00:25:57.656164562
37659,2019-06-05 23:13:00.407799,1544.6026165320532,0 days 00:30:35.723579230
37660,2019-06-05 23:13:01.407799,1543.1591521006021,0 days 00:31:01.607051786
37661,2019-06-05 23:13:02.407799,1538.9054120651351,0 days 00:29:24.283938725
37662,2019-06-05 23:13:03.407799,1568.595730781055,0 days 00:25:33.676642000
37663,2019-06-05 23:13:04.407799,1557.9427030014588,0 days 00:25:41.138865771
37664,2019-06-05 23:13:05.407799,1543.5045170664837,0 days 00:32:38.891309761
37665,2019-06-05 23:13:06.407799,1560.3675831040184,0 days 00:33:34.293036232
37666,2019-06-05 23:13:07.407799,1532.4567339475252,0 days 00:29:58.102958988
37667,2019-06-05 23:13:08.407799,1543.6412305971965,0 days 00:30:26.941624922
37668,2019-06-05 23:13:09.407799,1573.60691190771,0 days 00:34:09.553616220
37669,2019-06-05 23:13:10.407799,1549.1317631457987,0 days 00:26:15.719330222
37670,2019-06-05 23:13:11.407799,1565.5575472864007,0 days 00:34:23.364022311
37671,2019-06-05 23:13:12.407799,1540.3483489835828,0 days 00:31:19.944595679
37672,2019-06-05 23:13:13.407799,1530.5583786772745,0 days 00:26:15.967767965
37673,2019-06-05 23:13:14.407799,1567.4313018389753,0 days 00:30:39.471839991
37674,2019-06-05 23:13:15.407799,1563.4438134900258,0 days 00:25:20.465797097
37675,2019-06-05 23:13:16.407799,1567.673987869928,0 days 00:26:45.380476122
37676,2019-06-05 23:13:17.407799,1567.9287246570398,0 days 00:26:53.021609401
37677,2019-06-05 23:13:18.407799,1533.1833210782495,0 days 00:27:38.699367062
37678,2019-06-05 23:13:19.407799,1535.227700107927,0 days 00:31:54.986345104
37679,2019-06-05 23:13:20.407799,1527.7139211544602,0 days 00:28:11.005118646
37680,2019-06-05 23:13:21.407799,1529.7821149404783,0 days 00:29:25.435276461
37681,2019-06-05 23:13:22.407799,1561.2109562383769,0 days 00:25:12.124375402
37682,2019-06-05 23:13:23.407799,1531.8262574924079,0 days 00:31:53.586417055
37683,2019-06-05 23:13:24.407799,1565.2896920280723,0 days 00:32:18.247797341
37684,2019-06-05 23:13:25.407799,1550.3350038704953,0 days 00:27:47.496612825
37685,2019-06-05 23:13:26.407799,1574.1825453413196,0 days 00:25:47.766673037
37686,2019-06-05 23:13:27.407799,1574.5090770510221,0 days 00:33:59.718711462
37687,2019-06-05 23:13:28.407799,1526.0533325841095,0 days 00:26:53.947149099
37688,2019-06-05 23:13:29.407799,1547.6178589892352,0 days 00:30:28.340585221
37689,2019-06-05 23:13:30.407799,1550.2348424744257,0 days 00:29:42.220604112
37690,2019-06-05 23:13:31.407799,1531.8141134849795,0 days 00:25:15.654050961
37691,2019-06-05 23:13:32.407799,1540.0851037360123,0 days 00:25:13.951558507
37692,2019-06-05 23:13:33.407799,1567.0474215417557,0 days 00:34:08.446347026
37693,2019-06-05 23:13:34.407799,1560.5799225567816,0 days 00:32:00.511400908
37694,2019-06-05 23:13:35.407799,1548.7734090761628,0 days 00:32:19.835124389
37695,2019-06-05 23:13:36.407799,1526.3308921372352,0 days 00:33:35.363454645
37696,2019-06-05 23:13:37.407799,1556.4978585807294,0 days 00:26:54.200730258
37697,2019-06-05 23:13:38.407799,1555.7644265695646,0 days 00:31:54.678275355
37698,2019-06-05 23:13:39.407799,1533.3412373771512,0 days 00:25:43.253470118
37699,2019-06-05 23:13:40.407799,1573.280005110532,0 days 00:26:15.233139069
37700,2019-06-05 23:13:41.407799,1527.825657012889,0 days 00:34:25.896765957
37701,2019-06-05 23:13:42.407799,1569.701677290505,0 days 00:29:05.330788075
37702,2019-06-05 23:13:43.407799,1573.4248212248103,0 days 00:29:16.264626989
37703,2019-06-05 23:13:44.407799,1527.8523951502466,0 days 00:32:51.304846028
37704,2019-06-05 23:13:45.407799,1526.186990706081,0 days 00:33:27.860686676
37705,2019-06-05 23:13:46.407799,1556.2520154665501,0 days 00:25:20.872398390
37706,2019-06-05 23:13:47.407799,1555.065026676988,0 days 00:33:18.311863311
37707,2019-06-05 23:13:48.407799,1572.925315173395,0 days 00:25:09.511496460
37708,2019-06-05 23:13:49.407799,1572.5135309316045,0 days 00:33:45.593888749
37709,2019-06-05 23:13:50.407799,1548.9825452243456,0 days 00:34:16.395380056
37710,2019-06-05 23:13:51.407799,1543.9417937178362,0 days 00:34:50.850638187
37711,2019-06-05 23:13:52.407799,1569.0821591384627,0 days 00:34:27.687315055
37712,2019-06-05 23:13:53.407799,1536.7712757727845,0 days 00:27:22.460557240
37713,2019-06-05 23:13:54.407799,1527.5447321835773,0 days 00:25:52.776896490
37714,2019-06-05 23:13:55.407799,1569.6025402347757,0 days 00:34:08.815994714
37715,2019-06-05 23:13:56.407799,1558.4981318179875,0 days 00:30:00.974391911
37716,2019-06-05 23:13:57.407799,1569.6031869161877,0 days 00:26:39.835973267
37717,2019-06-05 23:13:58.407799,1571.4070856379797,0 days 00:31:44.559068320
37718,2019-06-05 23:13:59.407799,1531.2265154877407,0 days 00:33:31.335439973
37719,2019-06-05 23:14:00.407799,1555.165419039679,0 days 00:26:22.110605824
37720,2019-06-05 23:14:01.407799,1548.5228895940338,0 days 00:25:19.191680721
37721,2019-06-05 23:14:02.407799,1529.0153976067993,0 days 00:30:47.125317172
37722,2019-06-05 23:14:03.407799,1540.356297325072,0 days 00:29:48.478515884
37723,2019-06-05 23:14:04.407799,1571.977271121603,0 days 00:34:49.462835926
37724,2019-06-05 23:14:05.407799,1557.7951583032504,0 days 00:31:38.159900778
37725,2019-06-05 23:14:06.407799,1535.15964332275,0 days 00:32:25.048103490
37726,2019-06-05 23:14:07.407799,1525.7317663914255,0 days 00:26:19.128152250
37727,2019-06-05 23:14:08.407799,1554.3297670522848,0 days 00:34:31.218187244
37728,2019-06-05 23:14:09.407799,1574.6771921595505,0 days 00:25:55.912623355
37729,2019-06-05 23:14:10.407799,1533.941314402092,0 days 00:25:14.607738839
37730,2019-06-05 23:14:11.407799,1551.0394587803592,0 days 00:32:16.884935849
37731,2019-06-05 23:14:12.407799,1549.359436802479,0 days 00:31:20.412773600
37732,2019-06-05 23:14:13.407799,1538.8057482453326,0 days 00:28:28.333857834
37733,2019-06-05 23:14:14.407799,1542.0018594055164,0 days 00:34:58.732373983
37734,2019-06-05 23:14:15.407799,1573.2911984427426,0 days 00:27:52.950150793
37735,2019-06-05 23:14:16.407799,1551.2602678471435,0 days 00:33:46.033379111
37736,2019-06-05 23:14:17.407799,1554.3678058980693,0 days 00:25:36.052094646
37737,2019-06-05 23:14:18.407799,1549.5454558912634,0 days 00:32:34.665701705
37738,2019-06-05 23:14:19.407799,1545.0883471098784,0 days 00:25:26.381550637
37739,2019-06-05 23:14:20.407799,1546.556007084595,0 days 00:33:23.230549765
37740,2019-06-05 23:14:21.407799,1569.6237008769815,0 days 00:31:46.610921691
37741,2019-06-05 23:14:22.407799,1553.9620393193327,0 days 00:26:12.349991905
37742,2019-06-05 23:14:23.407799,1535.1962715292411,0 days 00:27:29.913957814
37743,2019-06-05 23:14:24.407799,1528.4239473541825,0 days 00:33:59.558331422
37744,2019-06-05 23:14:25.407799,1541.4606810309367,0 days 00:25:16.791052944
37745,2019-06-05 23:14:26.407799,1571.7746699538739,0 days 00:30:14.288627014
37746,2019-06-05 23:14:27.407799,1542.3011255081328,0 days 00:29:42.851491449
37747,2019-06-05 23:14:28.407799,1562.2911834131746,0 days 00:26:27.326655619
37748,2019-06-05 23:14:29.407799,1563.2898670754919,0 days 00:31:44.741809537
37749,2019-06-05 23:14:30.407799,1542.1790046553451,0 days 00:34:51.579382598
37750,2019-06-05 23:14:31.407799,1568.5973915899829,0 days 00:34:41.422180001
37751,2019-06-05 23:14:32.407799,1539.243642762579,0 days 00:30:28.469407801
37752,2019-06-05 23:14:33.407799,1530.18479621737,0 days 00:30:22.561757019
37753,2019-06-05 23:14:34.407799,1570.0003163605195,0 days 00:27:14.669067947
37754,2019-06-05 23:14:35.407799,1563.2679072751505,0 days 00:25:45.378162053
37755,2019-06-05 23:14:36.407799,1573.999870453,0 days 00:27:33.339442776
37756,2019-06-05 23:14:37.407799,1540.368322168977,0 days 00:28:25.734954477
37757,2019-06-05 23:14:38.407799,1550.6758527307857,0 days 00:32:18.556465014
37758,2019-06-05 23:14:39.407799,1538.517618782168,0 days 00:32:11.016078962
37759,2019-06-05 23:14:40.407799,1549.3510629511075,0 days 00:32:32.065317705
37760,2019-06-05 23:14:41.407799,1572.0772300302542,0 days 00:26:56.491910944
37761,2019-06-05 23:14:42.407799,1538.2762616901216,0 days 00:32:47.467482126
37762,2019-06-05 23:14:43.407799,1558.4332580114187,0 days 00:29:55.308224477
37763,2019-06-05 23:14:44.407799,1573.5357756961644,0 days 00:29:29.099920601
37764,2019-06-05 23:14:45.407799,1545.2392461071415,0 days 00:29:08.233930118
37765,2019-06-05 23:14:46.407799,1565.617772026933,0 days 00:28:34.016728112
37766,2019-06-05 23:14:47.407799,1528.212820667999,0 days 00:33:57.466752487
37767,2019-06-05 23:14:48.407799,1537.5259583685531,0 days 00:34:13.687691062
37768,2019-06-05 23:14:49.407799,1564.8854837664503,0 days 00:27:34.899489451
37769,2019-06-05 23:14:50.407799,1561.0992208437299,0 days 00:34:34.788258869
37770,2019-06-05 23:14:51.407799,1534.0731424744536,0 days 00:25:48.953405633
37771,2019-06-05 23:14:52.407799,1537.0823596658117,0 days 00:32:35.227944777
37772,2019-06-05 23:14:53.407799,1553.9037390238714,0 days 00:34:41.652444911
37773,2019-06-05 23:14:54.407799,1530.3029801167522,0 days 00:28:02.146678904
37774,2019-06-05 23:14:55.407799,1539.2868377934035,0 days 00:33:44.373141164
37775,2019-06-05 23:14:56.407799,1573.2943301838727,0 days 00:28:59.602491973
37776,2019-06-05 23:14:57.407799,1539.6758431355677,0 days 00:28:58.146152558
37777,2019-06-05 23:14:58.407799,1552.3338765631086,0 days 00:29:33.234953945
37778,2019-06-05 23:14:59.407799,1531.7835514272274,0 days 00:28:29.488662430
37779,2019-06-05 23:15:00.407799,1554.9111605103797,0 days 00:26:32.677929888
37780,2019-06-05 23:15:01.407799,1566.4964793519177,0 days 00:26:47.857507422
37781,2019-06-05 23:15:02.407799,1535.720959150689,0 days 00:27:59.345922733
37782,2019-06-05 23:15:03.407799,1536.0892821633843,0 days 00:27:33.345394185
37783,2019-06-05 23:15:04.407799,1528.8204158994408,0 days 00:28:01.207764522
37784,2019-06-05 23:15:05.407799,1549.4020244453563,0 days 00:27:19.102359114
37785,2019-06-05 23:15:06.407799,1526.2268750516582,0 days 00:30:20.722630513
37786,2019-06-05 23:15:07.407799,1550.639319026329,0 days 00:26:46.499501839
37787,2019-06-05 23:15:08.407799,1570.0422911820451,0 days 00:26:08.814303115
37788,2019-06-05 23:15:09.407799,1538.1186065013571,0 days 00:28:25.065851863
37789,2019-06-05 23:15:10.407799,1562.6245433218605,0 days 00:30:40.719250061
37790,2019-06-05 23:15:11.407799,1559.4942886820056,0 days 00:28:14.672543173
37791,2019-06-05 23:15:12.407799,1562.0965873673479,0 days 00:29:59.092020924
37792,2019-06-05 23:15:13.407799,1532.6636828686158,0 days 00:33:32.985600899
37793,2019-06-05 23:15:14.407799,1555.1407391852572,0 days 00:30:59.871123127
37794,2019-06-05 23:15:15.407799,1537.6287556630748,0 days 00:29:05.072263537
37795,2019-06-05 23:15:16.407799,1552.7359008558556,0 days 00:30:20.427133720
37796,2019-06-05 23:15:17.407799,1551.0018895322273,0 days 00:25:20.515468354
37797,2019-06-05 23:15:18.407799,1533.0216312468715,0 days 00:30:18.071145288
37798,2019-06-05 23:15:19.407799,1528.6167801075587,0 days 00:29:54.249290745
37799,2019-06-05 23:15:20.407799,1534.1203034159473,0 days 00:31:34.873272319
37800,2019-06-05 23:15:21.407799,1567.984391295919,0 days 00:29:32.341525041
37801,2019-06-05 23:15:22.407799,1533.0285051882727,0 days 00:32:59.724235464
37802,2019-06-05 23:15:23.407799,1564.0193163656197,0 days 00:25:25.639334148
37803,2019-06-05 23:15:24.407799,1540.3847459602714,0 days 00:34:52.787770321
37804,2019-06-05 23:15:25.407799,1554.6322156081162,0 days 00:28:57.073181716
37805,2019-06-05 23:15:26.407799,1566.315637205527,0 days 00:27:16.556393259
37806,2019-06-05 23:15:27.407799,1560.7214340016042,0 days 00:31:56.581199041
37807,2019-06-05 23:15:28.407799,1563.347355436685,0 days 00:32:32.777267317
37808,2019-06-05 23:15:29.407799,1570.4939031555484,0 days 00:26:16.285903462
37809,2019-06-05 23:15:30.407799,1573.0620738778607,0 days 00:26:59.948432338
37810,2019-06-05 23:15:31.407799,1531.0648888557978,0 days 00:30:15.937439291
37811,2019-06-05 23:15:32.407799,1545.6095191886125,0 days 00:34:30.546860316
37812,2019-06-05 23:15:33.407799,1567.2633463351626,0 days 00:34:25.044467564
37813,2019-06-05 23:15:34.407799,1570.1611306035654,0 days 00:25:33.148359399
37814,2019-06-05 23:15:35.407799,1563.9419712244562,0 days 00:30:21.540402969
37815,2019-06-05 23:15:36.407799,1558.5580820994826,0 days 00:26:54.358019101
37816,2019-06-05 23:15:37.407799,1539.4444750181751,0 days 00:31:11.622051920
37817,2019-06-05 23:15:38.407799,1562.5488025259779,0 days 00:34:10.295157911
37818,2019-06-05 23:15:39.407799,1569.3002054201434,0 days 00:33:26.542214178
37819,2019-06-05 23:15:40.407799,1540.454533028944,0 days 00:29:15.148727472
37820,2019-06-05 23:15:41.407799,1574.1488646438827,0 days 00:29:15.439836609
37821,2019-06-05 23:15:42.407799,1558.0139409993963,0 days 00:31:54.908846879
37822,2019-06-05 23:15:43.407799,1574.4373463713619,0 days 00:30:25.088177003
37823,2019-06-05 23:15:44.407799,1540.373976696892,0 days 00:31:28.768588374
37824,2019-06-05 23:15:45.407799,1566.9481463810635,0 days 00:25:03.363101441
37825,2019-06-05 23:15:46.407799,1538.7265271192466,0 days 00:31:24.404435758
37826,2019-06-05 23:15:47.407799,1569.4673342981673,0 days 00:28:34.339352980
37827,2019-06-05 23:15:48.407799,1540.3048163179906,0 days 00:27:02.276243285
37828,2019-06-05 23:15:49.407799,1550.3939075646797,0 days 00:32:07.937730047
37829,2019-06-05 23:15:50.407799,1566.618972966364,0 days 00:28:04.202983951
37830,2019-06-05 23:15:51.407799,1530.6429700578285,0 days 00:29:43.786560596
37831,2019-06-05 23:15:52.407799,1571.1788701549444,0 days 00:27:27.694070775
37832,2019-06-05 23:15:53.407799,1533.478733147412,0 days 00:30:09.108427536
37833,2019-06-05 23:15:54.407799,1525.1239473489923,0 days 00:27:42.252177865
37834,2019-06-05 23:15:55.407799,1549.2570098957372,0 days 00:34:56.950783426
37835,2019-06-05 23:15:56.407799,1570.8861342452979,0 days 00:34:53.212860152
37836,2019-06-05 23:15:57.407799,1529.073498165081,0 days 00:28:35.910014088
37837,2019-06-05 23:15:58.407799,1530.2083572744757,0 days 00:27:46.418951472
37838,2019-06-05 23:15:59.407799,1564.4409215350126,0 days 00:33:14.754569310
37839,2019-06-05 23:16:00.407799,1533.019570474445,0 days 00:32:01.574195249
37840,2019-06-05 23:16:01.407799,1568.5075168646454,0 days 00:29:18.145187824
37841,2019-06-05 23:16:02.407799,1552.9361325605407,0 days 00:29:18.685183804
37842,2019-06-05 23:16:03.407799,1550.570608461136,0 days 00:31:48.600756507
37843,2019-06-05 23:16:04.407799,1531.8941933282338,0 days 00:32:36.830936191
37844,2019-06-05 23:16:05.407799,1533.6583880320636,0 days 00:26:04.846937091
37845,2019-06-05 23:16:06.407799,1537.0618483294231,0 days 00:31:55.628498890
37846,2019-06-05 23:16:07.407799,1553.8138410577246,0 days 00:29:46.171168008
37847,2019-06-05 23:16:08.407799,1570.417162111751,0 days 00:29:32.407342257
37848,2019-06-05 23:16:09.407799,1566.2738248412006,0 days 00:31:02.186596328
37849,2019-06-05 23:16:10.407799,1549.8761521254776,0 days 00:27:06.127174564
37850,2019-06-05 23:16:11.407799,1539.1962215764436,0 days 00:30:22.655668307
37851,2019-06-05 23:16:12.407799,1539.6175244418118,0 days 00:26:37.540888648
37852,2019-06-05 23:16:13.407799,1545.7343712140168,0 days 00:25:05.667458076
37853,2019-06-05 23:16:14.407799,1527.1682008810942,0 days 00:31:32.651787552
37854,2019-06-05 23:16:15.407799,1557.3973343109026,0 days 00:31:35.659267119
37855,2019-06-05 23:16:16.407799,1530.737585761901,0 days 00:34:28.209991170
37856,2019-06-05 23:16:17.407799,1573.608156370042,0 days 00:31:58.309513524
37857,2019-06-05 23:16:18.407799,1550.8656199436105,0 days 00:26:03.812133375
37858,2019-06-05 23:16:19.407799,1534.551543538546,0 days 00:30:28.302849995
37859,2019-06-05 23:16:20.407799,1547.8555485096113,0 days 00:28:41.201902634
37860,2019-06-05 23:16:21.407799,1563.6947900047512,0 days 00:27:30.662186882
37861,2019-06-05 23:16:22.407799,1570.911538470475,0 days 00:34:22.337897433
37862,2019-06-05 23:16:23.407799,1554.694632748547,0 days 00:32:20.186171941
37863,2019-06-05 23:16:24.407799,1568.2600990967778,0 days 00:25:42.875328051
37864,2019-06-05 23:16:25.407799,1570.2539049876616,0 days 00:26:59.176647151
37865,2019-06-05 23:16:26.407799,1565.1726900288984,0 days 00:31:03.650922704
37866,2019-06-05 23:16:27.407799,1555.0462867082967,0 days 00:28:13.270336352
37867,2019-06-05 23:16:28.407799,1560.23449111402,0 days 00:29:52.317520392
37868,2019-06-05 23:16:29.407799,1572.1195441667442,0 days 00:29:07.677974655
37869,2019-06-05 23:16:30.407799,1571.7335971600533,0 days 00:32:02.997732331
37870,2019-06-05 23:16:31.407799,1530.0560206669845,0 days 00:32:28.588241546
37871,2019-06-05 23:16:32.407799,1535.4353246453554,0 days 00:34:04.594189787
37872,2019-06-05 23:16:33.407799,1538.379105972021,0 days 00:33:11.279037553
37873,2019-06-05 23:16:34.407799,1562.59362988404,0 days 00:32:04.530578428
37874,2019-06-05 23:16:35.407799,1546.8799673836886,0 days 00:31:17.420693616
37875,2019-06-05 23:16:36.407799,1559.3981257245878,0 days 00:31:23.981714685
37876,2019-06-05 23:16:37.407799,1563.5972663768432,0 days 00:33:21.271761667
37877,2019-06-05 23:16:38.407799,1556.1058398095754,0 days 00:34:59.607195084
37878,2019-06-05 23:16:39.407799,1567.0435400879082,0 days 00:32:43.333109445
37879,2019-06-05 23:16:40.407799,1562.4752761714956,0 days 00:30:58.589004567
37880,2019-06-05 23:16:41.407799,1546.6814181418945,0 days 00:30:29.915850457
37881,2019-06-05 23:16:42.407799,1559.9746235352727,0 days 00:30:34.600724788
37882,2019-06-05 23:16:43.407799,1532.038155586138,0 days 00:26:32.840281364
37883,2019-06-05 23:16:44.407799,1551.0956150733712,0 days 00:32:07.942164359
37884,2019-06-05 23:16:45.407799,1533.1305079763333,0 days 00:33:54.240091506
37885,2019-06-05 23:16:46.407799,1539.8439630491323,0 days 00:34:05.039609628
37886,2019-06-05 23:16:47.407799,1538.667247348476,0 days 00:25:53.175931519
37887,2019-06-05 23:16:48.407799,1545.9512638740302,0 days 00:28:38.826566817
37888,2019-06-05 23:16:49.407799,1550.1631500260307,0 days 00:26:33.225554833
37889,2019-06-05 23:16:50.407799,1545.7051629647542,0 days 00:31:21.562992235
